{"cameraMode":{"drawMode":0,"name":"Shaded","section":"Shading Mode"},"sceneLighting":true,"audioPlay":false,"sceneViewState":{"m_AlwaysRefresh":false,"showFog":true,"showSkybox":true,"showFlares":true,"showImageEffects":true,"showParticleSystems":true,"showVisualEffectGraphs":true,"m_FxEnabled":true},"in2DMode":false,"pivot":{"x":6.27156400680542,"y":0.2499999850988388,"z":10.900221824645996},"rotation":{"x":-0.2858586609363556,"y":-0.09267453104257584,"z":0.027788138017058374,"w":-0.9533711075782776},"size":0.8660253882408142,"orthographic":false}